{"random_forest": [0.05889191881910385, 0.08267630626741419, 0.12359939541812785, 0.1261327105160849, 0.16922793510890088, 0.1978145549749879, 0.2369909725998945, 0.24730696319718948, 0.27694254849841343, 0.2943744168931303, 0.3289606520868144, 0.34603783653025627], "Linear_model": [0.04468800226530136, 0.07354612964706046, 0.11619452908902553, 0.12323400789576784, 0.1619965488842923, 0.19788318101811425, 0.2485976383576249, 0.30649033675482473, 0.5560586057579939, 0.6840459379799323, 0.7884668984782514, 0.845739970427784], "Ridge_model": [0.04572736450146822, 0.0748652257435506, 0.11754077874440956, 0.12519437850528237, 0.1640786559658063, 0.20009228881556282, 0.25059577797173266, 0.30172133386386285, 0.5490173024317782, 0.6827762045957844, 0.7899579329285537, 0.8487421728385934], "SVR_model": [0.12049693727195866, 0.1868737620979194, 0.33732386185547253, 0.4591756650443507, 0.5842813004493351, 0.6830611031418492, 0.7629451951334104, 0.8230027500766987, 0.8743055440657657, 0.9020371092884136, 0.9155936230496985, 0.9273798874504353], "KNN_model": [0.09536040257115659, 0.12437285261555033, 0.16976178184333404, 0.208005772335796, 0.31049444888149247, 0.4184768724195165, 0.5801338481979272, 0.6668565051383052, 0.7772238029560711, 0.7710915526288203, 0.8381541305643542, 0.8787333736992049], "noisy_error": [0.07021440995446238, 0.10836854975852826, 0.17045777666706632, 0.2020546017188243, 0.2383514610669018, 0.2765195625311667, 0.3195854417216573, 0.32475208084688917, 0.35333038359336, 0.37255936251872107, 0.4200023208255368, 0.44924084722878727], "Q_learn_model": [0.042419470628376164, 0.06914280984102246, 0.11087999483818825, 0.12370702735375551, 0.15401135184912998, 0.18685365986407623, 0.23014424426867167, 0.2578410059410543, 0.3109376611090947, 0.4033916532975067, 0.5591839215329345, 0.6634722542194674], "RF_MQT": [0.18963524529280554, 0.23862971138898662, 0.257488414435693, 0.352525564385253, 0.36756526473205725, 0.41116486430055005, 0.45967725577736945, 0.4837124275352785, 0.5094760526262108], "MQT_error": [0.25013527947871234, 0.2971732244361071, 0.33786335027961895, 0.41041831114555194, 0.44143020246474163, 0.4640026819262009, 0.5186109440303035, 0.5484260635914189, 0.5820635414740505], "Q_learn_MQT_model": [0.19422533049609383, 0.23450263322805923, 0.288501715337796, 0.36577218692811725, 0.4005615227122953, 0.4684375833399767, 0.6070710563589008, 0.7043196535341678, 0.70843746069511], "Qubits": [2, 3, 4, 5, 6, 7, 8, 9, 10, 11, 12, 13], "without_Pccir": [0.18946066503182482, 0.23767049814651445, 0.25861658516913794, 0.35214738411835955, 0.3687337217160754, 0.4150828308652528, 0.4632916210527081, 0.48477075334915104, 0.5044172931229556], "RF_without_all": [0.18685758437736608, 0.23550490099903343, 0.27599962220986757, 0.3467481077183973, 0.37149285301165386, 0.4193094240287904, 0.492463653656054, 0.532144062856787, 0.5456068020370186], "tianyan_error": [0.2307410269540779, 0.23055043073613826, 0.26162532055298987, 0.3387948316859374, 0.348311832782601, 0.3748192034565127, 0.4101372585588086, 0.4482423475402378, 0.46831307264229316, 0.4731920373814188, 0.5216779681692146, 0.5060346757896653], "tianyan_mited": [0.08786397546752306, 0.06735668031630469, 0.05911051822093305, 0.06781520032493349, 0.059406950395720845, 0.08302641737359255, 0.09272319213990188, 0.13389135562135962, 0.18846533735823331, 0.22576881417893285, 0.22402773076102073, 0.29262516061355137], "qubits_MQT": [5, 6, 7, 8, 9, 10, 11, 12, 13]}